Workbook

Sheet Resumen General
A1: MATRIZ DE GESTIÓN DE COMUNICACIONES — AMPA 2026
A3: ⬤ Resumen General de Proyectos | Actualiza la tabla de proyectos y el resto de hojas se vinculan automáticamente
A5: PROYECTOS ACTIVOS | D5: ACTIVIDADES TOTALES | G5: INDICADORES | J5: ACTIVIDADES PRÓXIMAS (30d)
A6: =COUNTIF(Proyectos[Estado],"Activo") -> 9 | D6: =SUM(Proyectos[N° Actividades]) -> 15 | G6: =SUM(Proyectos[N° Indicadores]) -> 17 | J6: =COUNTIF(Actividades[Estado],"En proceso") -> 6
A9: Código | B9: Nombre del Proyecto | C9: Financiador | D9: Estado | E9: Inicio | F9: Fin | G9: % Avance | H9: N° Actividades | I9: N° Indicadores | J9: Responsable | K9: Notas / Observaciones
A10: PRY-01 | B10: Voces del Río | C10: ICCO Cooperación | D10: Activo | E10: Feb-2025 | F10: Feb-2026 | G10: =IFERROR(AVERAGEIF('Actividades por Proyecto'!$A:$A,A10,'Actividades por Proyecto'!$M:$M)*100,0) -> 50 | H10: =COUNTIFS('Actividades por Proyecto'!$A:$A,A10,'Actividades por Proyecto'!$C:$C,"<>"&"") -> 3 | I10: =COUNTIFS('Indicadores Comunicación'!$A:$A,A10,'Indicadores Comunicación'!$C:$C,"<>"&"") -> 3 | J10: Coord. Comunicaciones
A11: PRY-02 | B11: Amazonía Viva | C11: Rainforest Foundation | D11: Activo | E11: Ene-2025 | F11: Dic-2025 | G11: =IFERROR(AVERAGEIF('Actividades por Proyecto'!$A:$A,A11,'Actividades por Proyecto'!$M:$M)*100,0) -> 0 | H11: =COUNTIFS('Actividades por Proyecto'!$A:$A,A11,'Actividades por Proyecto'!$C:$C,"<>"&"") -> 2 | I11: =COUNTIFS('Indicadores Comunicación'!$A:$A,A11,'Indicadores Comunicación'!$C:$C,"<>"&"") -> 2 | J11: Coord. Contenidos
A12: PRY-03 | B12: Guardianas del Bosque | C12: Global Fund for Women | D12: Activo | E12: Oct-2024 | F12: Oct-2025 | G12: =IFERROR(AVERAGEIF('Actividades por Proyecto'!$A:$A,A12,'Actividades por Proyecto'!$M:$M)*100,0) -> 0 | H12: =COUNTIFS('Actividades por Proyecto'!$A:$A,A12,'Actividades por Proyecto'!$C:$C,"<>"&"") -> 1 | I12: =COUNTIFS('Indicadores Comunicación'!$A:$A,A12,'Indicadores Comunicación'!$C:$C,"<>"&"") -> 2 | J12: Coord. Género
A13: PRY-04 | B13: Territorio Común | C13: Oxfam | D13: Activo | E13: Mar-2025 | F13: Mar-2026 | G13: =IFERROR(AVERAGEIF('Actividades por Proyecto'!$A:$A,A13,'Actividades por Proyecto'!$M:$M)*100,0) -> 0 | H13: =COUNTIFS('Actividades por Proyecto'!$A:$A,A13,'Actividades por Proyecto'!$C:$C,"<>"&"") -> 1 | I13: =COUNTIFS('Indicadores Comunicación'!$A:$A,A13,'Indicadores Comunicación'!$C:$C,"<>"&"") -> 1 | J13: Coord. Digital
A14: PRY-05 | B14: Agua Viva | C14: WWF Perú | D14: Activo | E14: Nov-2024 | F14: Nov-2025 | G14: =IFERROR(AVERAGEIF('Actividades por Proyecto'!$A:$A,A14,'Actividades por Proyecto'!$M:$M)*100,0) -> 0 | H14: =COUNTIFS('Actividades por Proyecto'!$A:$A,A14,'Actividades por Proyecto'!$C:$C,"<>"&"") -> 1 | I14: =COUNTIFS('Indicadores Comunicación'!$A:$A,A14,'Indicadores Comunicación'!$C:$C,"<>"&"") -> 1 | J14: Directora Prog.
A15: PRY-06 | B15: Voz Indígena | C15: Cultural Survival | D15: Activo | E15: Abr-2025 | F15: Abr-2026 | G15: =IFERROR(AVERAGEIF('Actividades por Proyecto'!$A:$A,A15,'Actividades por Proyecto'!$M:$M)*100,0) -> 0 | H15: =COUNTIFS('Actividades por Proyecto'!$A:$A,A15,'Actividades por Proyecto'!$C:$C,"<>"&"") -> 1 | I15: =COUNTIFS('Indicadores Comunicación'!$A:$A,A15,'Indicadores Comunicación'!$C:$C,"<>"&"") -> 1 | J15: Coord. Audiovisual
A16: PRY-07 | B16: Semillas Digitales | C16: CAF | D16: Planificación | E16: Jun-2025 | F16: Jun-2026 | G16: =IFERROR(AVERAGEIF('Actividades por Proyecto'!$A:$A,A16,'Actividades por Proyecto'!$M:$M)*100,0) -> 0 | H16: =COUNTIFS('Actividades por Proyecto'!$A:$A,A16,'Actividades por Proyecto'!$C:$C,"<>"&"") -> 1 | I16: =COUNTIFS('Indicadores Comunicación'!$A:$A,A16,'Indicadores Comunicación'!$C:$C,"<>"&"") -> 1 | J16: Coord. Digital
A17: PRY-08 | B17: Defensoras | C17: Urgent Action Fund | D17: Activo | E17: Ago-2024 | F17: Ago-2025 | G17: =IFERROR(AVERAGEIF('Actividades por Proyecto'!$A:$A,A17,'Actividades por Proyecto'!$M:$M)*100,0) -> 0 | H17: =COUNTIFS('Actividades por Proyecto'!$A:$A,A17,'Actividades por Proyecto'!$C:$C,"<>"&"") -> 1 | I17: =COUNTIFS('Indicadores Comunicación'!$A:$A,A17,'Indicadores Comunicación'!$C:$C,"<>"&"") -> 2 | J17: Directora Prog.
A18: PRY-09 | B18: WLT II | C18: WLT | D18: Activo | E18: Ene-2026 | F18: Dic-2026 | G18: =IFERROR(AVERAGEIF('Actividades por Proyecto'!$A:$A,A18,'Actividades por Proyecto'!$M:$M)*100,0) -> 0 | H18: =COUNTIFS('Actividades por Proyecto'!$A:$A,A18,'Actividades por Proyecto'!$C:$C,"<>"&"") -> 2 | I18: =COUNTIFS('Indicadores Comunicación'!$A:$A,A18,'Indicadores Comunicación'!$C:$C,"<>"&"") -> 2 | J18: Coord. Comunicaciones
A19: PRY-10 | B19: CLUA | C19: CLUA | D19: Activo | E19: Ene-2026 | F19: Dic-2026 | G19: =IFERROR(AVERAGEIF('Actividades por Proyecto'!$A:$A,A19,'Actividades por Proyecto'!$M:$M)*100,0) -> 0 | H19: =COUNTIFS('Actividades por Proyecto'!$A:$A,A19,'Actividades por Proyecto'!$C:$C,"<>"&"") -> 2 | I19: =COUNTIFS('Indicadores Comunicación'!$A:$A,A19,'Indicadores Comunicación'!$C:$C,"<>"&"") -> 2 | J19: Coord. Digital
G20: =IFERROR(AVERAGEIF('Actividades por Proyecto'!$A:$A,A20,'Actividades por Proyecto'!$M:$M)*100,0) -> 0 | H20: =COUNTIFS('Actividades por Proyecto'!$A:$A,A20,'Actividades por Proyecto'!$C:$C,"<>"&"") -> 0 | I20: =COUNTIFS('Indicadores Comunicación'!$A:$A,A20,'Indicadores Comunicación'!$C:$C,"<>"&"") -> 0
G21: =IFERROR(AVERAGEIF('Actividades por Proyecto'!$A:$A,A21,'Actividades por Proyecto'!$M:$M)*100,0) -> 0 | H21: =COUNTIFS('Actividades por Proyecto'!$A:$A,A21,'Actividades por Proyecto'!$C:$C,"<>"&"") -> 0 | I21: =COUNTIFS('Indicadores Comunicación'!$A:$A,A21,'Indicadores Comunicación'!$C:$C,"<>"&"") -> 0
G22: =IFERROR(AVERAGEIF('Actividades por Proyecto'!$A:$A,A22,'Actividades por Proyecto'!$M:$M)*100,0) -> 0 | H22: =COUNTIFS('Actividades por Proyecto'!$A:$A,A22,'Actividades por Proyecto'!$C:$C,"<>"&"") -> 0 | I22: =COUNTIFS('Indicadores Comunicación'!$A:$A,A22,'Indicadores Comunicación'!$C:$C,"<>"&"") -> 0
G23: =IFERROR(AVERAGEIF('Actividades por Proyecto'!$A:$A,A23,'Actividades por Proyecto'!$M:$M)*100,0) -> 0 | H23: =COUNTIFS('Actividades por Proyecto'!$A:$A,A23,'Actividades por Proyecto'!$C:$C,"<>"&"") -> 0 | I23: =COUNTIFS('Indicadores Comunicación'!$A:$A,A23,'Indicadores Comunicación'!$C:$C,"<>"&"") -> 0
G24: =IFERROR(AVERAGEIF('Actividades por Proyecto'!$A:$A,A24,'Actividades por Proyecto'!$M:$M)*100,0) -> 0 | H24: =COUNTIFS('Actividades por Proyecto'!$A:$A,A24,'Actividades por Proyecto'!$C:$C,"<>"&"") -> 0 | I24: =COUNTIFS('Indicadores Comunicación'!$A:$A,A24,'Indicadores Comunicación'!$C:$C,"<>"&"") -> 0
G25: =IFERROR(AVERAGEIF('Actividades por Proyecto'!$A:$A,A25,'Actividades por Proyecto'!$M:$M)*100,0) -> 0 | H25: =COUNTIFS('Actividades por Proyecto'!$A:$A,A25,'Actividades por Proyecto'!$C:$C,"<>"&"") -> 0 | I25: =COUNTIFS('Indicadores Comunicación'!$A:$A,A25,'Indicadores Comunicación'!$C:$C,"<>"&"") -> 0
G26: =IFERROR(AVERAGEIF('Actividades por Proyecto'!$A:$A,A26,'Actividades por Proyecto'!$M:$M)*100,0) -> 0 | H26: =COUNTIFS('Actividades por Proyecto'!$A:$A,A26,'Actividades por Proyecto'!$C:$C,"<>"&"") -> 0 | I26: =COUNTIFS('Indicadores Comunicación'!$A:$A,A26,'Indicadores Comunicación'!$C:$C,"<>"&"") -> 0
G27: =IFERROR(AVERAGEIF('Actividades por Proyecto'!$A:$A,A27,'Actividades por Proyecto'!$M:$M)*100,0) -> 0 | H27: =COUNTIFS('Actividades por Proyecto'!$A:$A,A27,'Actividades por Proyecto'!$C:$C,"<>"&"") -> 0 | I27: =COUNTIFS('Indicadores Comunicación'!$A:$A,A27,'Indicadores Comunicación'!$C:$C,"<>"&"") -> 0
G28: =IFERROR(AVERAGEIF('Actividades por Proyecto'!$A:$A,A28,'Actividades por Proyecto'!$M:$M)*100,0) -> 0 | H28: =COUNTIFS('Actividades por Proyecto'!$A:$A,A28,'Actividades por Proyecto'!$C:$C,"<>"&"") -> 0 | I28: =COUNTIFS('Indicadores Comunicación'!$A:$A,A28,'Indicadores Comunicación'!$C:$C,"<>"&"") -> 0
G29: =IFERROR(AVERAGEIF('Actividades por Proyecto'!$A:$A,A29,'Actividades por Proyecto'!$M:$M)*100,0) -> 0 | H29: =COUNTIFS('Actividades por Proyecto'!$A:$A,A29,'Actividades por Proyecto'!$C:$C,"<>"&"") -> 0 | I29: =COUNTIFS('Indicadores Comunicación'!$A:$A,A29,'Indicadores Comunicación'!$C:$C,"<>"&"") -> 0
A31: 📌 CÓMO AGREGAR UN NUEVO PROYECTO: Escribe en la siguiente fila vacía de la tabla (ya están preparadas). % Avance, N° Actividades y N° Indicadores se calculan automáticamente desde las otras hojas. Luego agrega las actividades en 'Actividades por Proyecto' y los indicadores en 'Indicadores Comunicación'.

Sheet Actividades por Proyecto
A1: ACTIVIDADES COMUNICACIONALES POR PROYECTO
A3: El % Avance de cada actividad se calcula automáticamente desde la hoja TAREAS (suma de tareas completadas / total de tareas)
A5: Proyecto | B5: Componente / Objetivo | C5: Actividad / Producto | D5: Tipo | E5: Resultado esperado | F5: Indicador vinculado | G5: Responsable | H5: Co-responsable | I5: Fecha Inicio | J5: Fecha Entrega | K5: Prioridad | L5: Estado | M5: % Avance (auto) | N5: Tareas totales | O5: Tareas completas | P5: Observaciones
A6: PRY-01 | B6: Comp. 2 — Difusión | C6: Producción de documental corto sobre comunidades ribeñas | D6: Audiovisual | E6: 1 video documental de 15 min publicado | F6: IND-2.1 — N. materiales audiovisuales | G6: Coord. Audiovisual | I6: Mar-2025 | J6: Jun-2025 | K6: Alta | L6: En proceso | M6: =IFERROR(COUNTIFS(TAREAS[ID Actividad],A6&"_1",TAREAS[Estado Tarea],"Completada")/COUNTIF(TAREAS[ID Actividad],A6&"_1"),"") -> 1 | N6: =COUNTIF(TAREAS[ID Actividad],A6&"_1") -> 3 | O6: =COUNTIFS(TAREAS[ID Actividad],A6&"_1",TAREAS[Estado Tarea],"Completada") -> 3 | P6: En edición, falta locución
A7: PRY-01 | B7: Comp. 3 — Incidencia | C7: Campaña en RRSS sobre derechos territoriales | D7: Redes Sociales | E7: 12 piezas publicadas, alcance 5.000 personas | F7: IND-3.2 — Alcance RRSS | G7: Coord. Digital | I7: Abr-2025 | J7: May-2025 | K7: Alta | L7: En proceso | M7: =IFERROR(COUNTIFS(TAREAS[ID Actividad],A7&"_2",TAREAS[Estado Tarea],"Completada")/COUNTIF(TAREAS[ID Actividad],A7&"_2"),"") -> 0 | N7: =COUNTIF(TAREAS[ID Actividad],A7&"_2") -> 2 | O7: =COUNTIFS(TAREAS[ID Actividad],A7&"_2",TAREAS[Estado Tarea],"Completada") -> 0 | P7: Revisión de mensajes clave pendiente
A8: PRY-01 | B8: Comp. 1 — Fortalecimiento | C8: Boletín informativo para comunidades (x3) | D8: Difusión | E8: 3 boletines impresos y digitales distribuidos | F8: IND-1.4 — N. boletines | G8: Directora Prog. | I8: Feb-2025 | J8: Ago-2025 | K8: Media | L8: En proceso | M8: =IFERROR(COUNTIFS(TAREAS[ID Actividad],A8&"_3",TAREAS[Estado Tarea],"Completada")/COUNTIF(TAREAS[ID Actividad],A8&"_3"),"") -> 0.5 | N8: =COUNTIF(TAREAS[ID Actividad],A8&"_3") -> 2 | O8: =COUNTIFS(TAREAS[ID Actividad],A8&"_3",TAREAS[Estado Tarea],"Completada") -> 1 | P8: 1 de 3 boletines completado
A9: PRY-02 | B9: Comp. 2 — Sensibilización | C9: Serie de podcasts sobre biodiversidad amazónica | D9: Audiovisual | E9: 6 episodios publicados en plataformas digitales | F9: IND-2.3 — N. podcasts producidos | G9: Coord. Contenidos | I9: Ene-2025 | J9: Jul-2025 | K9: Media | L9: En proceso | M9: =IFERROR(COUNTIFS(TAREAS[ID Actividad],A9&"_4",TAREAS[Estado Tarea],"Completada")/COUNTIF(TAREAS[ID Actividad],A9&"_4"),"") | N9: =COUNTIF(TAREAS[ID Actividad],A9&"_4") -> 0 | O9: =COUNTIFS(TAREAS[ID Actividad],A9&"_4",TAREAS[Estado Tarea],"Completada") -> 0 | P9: 4 episodios listos, 2 en grabación
A10: PRY-02 | B10: Comp. 1 — Educación | C10: Materiales educativos para escuelas rurales | D10: Publicación | E10: 500 cartillas impresas distribuidas | F10: IND-1.1 — N. cartillas | G10: Coord. Ed. Ambiental | I10: Feb-2025 | J10: May-2025 | K10: Alta | L10: Retrasado | M10: =IFERROR(COUNTIFS(TAREAS[ID Actividad],A10&"_5",TAREAS[Estado Tarea],"Completada")/COUNTIF(TAREAS[ID Actividad],A10&"_5"),"") | N10: =COUNTIF(TAREAS[ID Actividad],A10&"_5") -> 0 | O10: =COUNTIFS(TAREAS[ID Actividad],A10&"_5",TAREAS[Estado Tarea],"Completada") -> 0 | P10: URGENTE: diseño pendiente de aprobación
A11: PRY-03 | B11: Comp. 1 — Género | C11: Video testimonial de guardianas del bosque | D11: Audiovisual | E11: 1 video de 8 min para difusión nacional | F11: IND-1.2 — Materiales con enfoque de género | G11: Coord. Género | I11: Nov-2024 | J11: Feb-2025 | K11: Alta | L11: Completado | M11: =IFERROR(COUNTIFS(TAREAS[ID Actividad],A11&"_6",TAREAS[Estado Tarea],"Completada")/COUNTIF(TAREAS[ID Actividad],A11&"_6"),"") | N11: =COUNTIF(TAREAS[ID Actividad],A11&"_6") -> 0 | O11: =COUNTIFS(TAREAS[ID Actividad],A11&"_6",TAREAS[Estado Tarea],"Completada") -> 0 | P11: Publicado en web y RRSS
A12: PRY-04 | B12: Comp. 3 — Incidencia | C12: Campaña de incidencia política en redes | D12: Campaña | E12: Campaña activa por 30 días, 10.000 impactos | F12: IND-3.1 — Impacto campaña digital | G12: Coord. Digital | I12: Abr-2025 | J12: Jun-2025 | K12: Alta | L12: Pendiente | M12: =IFERROR(COUNTIFS(TAREAS[ID Actividad],A12&"_7",TAREAS[Estado Tarea],"Completada")/COUNTIF(TAREAS[ID Actividad],A12&"_7"),"") | N12: =COUNTIF(TAREAS[ID Actividad],A12&"_7") -> 0 | O12: =COUNTIFS(TAREAS[ID Actividad],A12&"_7",TAREAS[Estado Tarea],"Completada") -> 0 | P12: Requiere aprobación de mensajes con aliados
A13: PRY-05 | B13: Comp. 2 — Comunicación | C13: Mapa interactivo de fuentes de agua amenazadas | D13: Publicación | E13: 1 infografía digital publicada | F13: IND-2.4 — Herramientas de comunicación | G13: Coord. SIG + Comm. | I13: Feb-2025 | J13: Abr-2025 | K13: Media | L13: Retrasado | M13: =IFERROR(COUNTIFS(TAREAS[ID Actividad],A13&"_8",TAREAS[Estado Tarea],"Completada")/COUNTIF(TAREAS[ID Actividad],A13&"_8"),"") | N13: =COUNTIF(TAREAS[ID Actividad],A13&"_8") -> 0 | O13: =COUNTIFS(TAREAS[ID Actividad],A13&"_8",TAREAS[Estado Tarea],"Completada") -> 0 | P13: Retraso por datos faltantes de campo
A14: PRY-06 | B14: Comp. 2 — Revitalización | C14: Producción de material audiovisual en lengua shipibo | D14: Audiovisual | E14: 3 videos cortos en lengua originaria | F14: IND-2.2 — Mat. en lenguas indígenas | G14: Coord. Audiovisual | I14: May-2025 | J14: Sep-2025 | K14: Alta | L14: Pendiente | M14: =IFERROR(COUNTIFS(TAREAS[ID Actividad],A14&"_9",TAREAS[Estado Tarea],"Completada")/COUNTIF(TAREAS[ID Actividad],A14&"_9"),"") | N14: =COUNTIF(TAREAS[ID Actividad],A14&"_9") -> 0 | O14: =COUNTIFS(TAREAS[ID Actividad],A14&"_9",TAREAS[Estado Tarea],"Completada") -> 0 | P14: Coordinación con comunicadores indígenas locales
A15: PRY-07 | B15: Comp. 1 — Formación | C15: Taller de comunicación digital para jóvenes amazónicos | D15: Evento | E15: 40 jóvenes capacitados, 1 informe final | F15: IND-1.1 — N. participantes talleres | G15: Coord. Digital | I15: Jul-2025 | J15: Ago-2025 | K15: Media | L15: Pendiente | M15: =IFERROR(COUNTIFS(TAREAS[ID Actividad],A15&"_10",TAREAS[Estado Tarea],"Completada")/COUNTIF(TAREAS[ID Actividad],A15&"_10"),"") | N15: =COUNTIF(TAREAS[ID Actividad],A15&"_10") -> 0 | O15: =COUNTIFS(TAREAS[ID Actividad],A15&"_10",TAREAS[Estado Tarea],"Completada") -> 0 | P15: Confirmar sedes con comunidades
A16: PRY-08 | B16: Comp. 2 — Protección | C16: Protocolo de comunicación segura para defensoras | D16: Publicación | E16: 1 guía impresa y digital distribuida | F16: IND-2.1 — Herramientas de protección | G16: Directora Prog. | I16: Nov-2024 | J16: Mar-2025 | K16: Alta | L16: Completado | M16: =IFERROR(COUNTIFS(TAREAS[ID Actividad],A16&"_11",TAREAS[Estado Tarea],"Completada")/COUNTIF(TAREAS[ID Actividad],A16&"_11"),"") | N16: =COUNTIF(TAREAS[ID Actividad],A16&"_11") -> 0 | O16: =COUNTIFS(TAREAS[ID Actividad],A16&"_11",TAREAS[Estado Tarea],"Completada") -> 0 | P16: Distribuida en 3 comunidades
A17: PRY-09 | B17: Obj. 1 — Fortalecimiento | C17: Fortalecimiento capacidades ABIOFORP — redes sociales turísticas | D17: Capacitación | E17: 2 talleres ejecutados, informe final | F17: IND-1.1 | G17: Coord. Comunicaciones | H17: Coord. Digital | I17: Ene-2026 | J17: Jun-2026 | K17: Alta | L17: En proceso | M17: =IFERROR(COUNTIFS(TAREAS[ID Actividad],A17&"_12",TAREAS[Estado Tarea],"Completada")/COUNTIF(TAREAS[ID Actividad],A17&"_12"),"") | N17: =COUNTIF(TAREAS[ID Actividad],A17&"_12") -> 0 | O17: =COUNTIFS(TAREAS[ID Actividad],A17&"_12",TAREAS[Estado Tarea],"Completada") -> 0 | P17: En coordinación con AMPA y CxN
A18: PRY-09 | B18: Obj. 1 — Fortalecimiento | C18: Communication toolkit sociobioeconomía | D18: Publicación | E18: Kit de materiales terminado | F18: IND-1.2 | G18: Coord. Comunicaciones | H18: Coord. Audiovisual | I18: Mar-2026 | J18: Jul-2026 | K18: Media | L18: Pendiente | M18: =IFERROR(COUNTIFS(TAREAS[ID Actividad],A18&"_13",TAREAS[Estado Tarea],"Completada")/COUNTIF(TAREAS[ID Actividad],A18&"_13"),"") | N18: =COUNTIF(TAREAS[ID Actividad],A18&"_13") -> 0 | O18: =COUNTIFS(TAREAS[ID Actividad],A18&"_13",TAREAS[Estado Tarea],"Completada") -> 0
A19: PRY-10 | B19: Obj. 1 — CLUA | C19: Escuela Amazonía Que Late — actualización plataforma | D19: Digital | E19: Plataforma actualizada con info bioeconomía | F19: IND-1.1 | G19: Coord. Digital | H19: Coord. Contenidos | I19: Ene-2026 | J19: May-2026 | K19: Alta | L19: En proceso | M19: =IFERROR(COUNTIFS(TAREAS[ID Actividad],A19&"_14",TAREAS[Estado Tarea],"Completada")/COUNTIF(TAREAS[ID Actividad],A19&"_14"),"") | N19: =COUNTIF(TAREAS[ID Actividad],A19&"_14") -> 0 | O19: =COUNTIFS(TAREAS[ID Actividad],A19&"_14",TAREAS[Estado Tarea],"Completada") -> 0 | P19: Diagnóstico de necesidades en curso
A20: PRY-10 | B20: Obj. 1 — CLUA | C20: Conservamos Festival — planificación y ejecución | D20: Evento | E20: Festival ejecutado, 1000+ asistentes | F20: IND-1.4 | G20: Coord. Digital | H20: Directora Prog. | I20: Abr-2026 | J20: Nov-2026 | K20: Alta | L20: Planificación | M20: =IFERROR(COUNTIFS(TAREAS[ID Actividad],A20&"_15",TAREAS[Estado Tarea],"Completada")/COUNTIF(TAREAS[ID Actividad],A20&"_15"),"") | N20: =COUNTIF(TAREAS[ID Actividad],A20&"_15") -> 0 | O20: =COUNTIFS(TAREAS[ID Actividad],A20&"_15",TAREAS[Estado Tarea],"Completada") -> 0 | P20: Pendiente cerrar espacio con municipalidad
M21: =IFERROR(COUNTIFS(TAREAS[ID Actividad],A21&"_16",TAREAS[Estado Tarea],"Completada")/COUNTIF(TAREAS[ID Actividad],A21&"_16"),"") | N21: =COUNTIF(TAREAS[ID Actividad],A21&"_16") -> 0 | O21: =COUNTIFS(TAREAS[ID Actividad],A21&"_16",TAREAS[Estado Tarea],"Completada") -> 0
M22: =IFERROR(COUNTIFS(TAREAS[ID Actividad],A22&"_17",TAREAS[Estado Tarea],"Completada")/COUNTIF(TAREAS[ID Actividad],A22&"_17"),"") | N22: =COUNTIF(TAREAS[ID Actividad],A22&"_17") -> 0 | O22: =COUNTIFS(TAREAS[ID Actividad],A22&"_17",TAREAS[Estado Tarea],"Completada") -> 0
M23: =IFERROR(COUNTIFS(TAREAS[ID Actividad],A23&"_18",TAREAS[Estado Tarea],"Completada")/COUNTIF(TAREAS[ID Actividad],A23&"_18"),"") | N23: =COUNTIF(TAREAS[ID Actividad],A23&"_18") -> 0 | O23: =COUNTIFS(TAREAS[ID Actividad],A23&"_18",TAREAS[Estado Tarea],"Completada") -> 0
M24: =IFERROR(COUNTIFS(TAREAS[ID Actividad],A24&"_19",TAREAS[Estado Tarea],"Completada")/COUNTIF(TAREAS[ID Actividad],A24&"_19"),"") | N24: =COUNTIF(TAREAS[ID Actividad],A24&"_19") -> 0 | O24: =COUNTIFS(TAREAS[ID Actividad],A24&"_19",TAREAS[Estado Tarea],"Completada") -> 0
M25: =IFERROR(COUNTIFS(TAREAS[ID Actividad],A25&"_20",TAREAS[Estado Tarea],"Completada")/COUNTIF(TAREAS[ID Actividad],A25&"_20"),"") | N25: =COUNTIF(TAREAS[ID Actividad],A25&"_20") -> 0 | O25: =COUNTIFS(TAREAS[ID Actividad],A25&"_20",TAREAS[Estado Tarea],"Completada") -> 0
M26: =IFERROR(COUNTIFS(TAREAS[ID Actividad],A26&"_21",TAREAS[Estado Tarea],"Completada")/COUNTIF(TAREAS[ID Actividad],A26&"_21"),"") | N26: =COUNTIF(TAREAS[ID Actividad],A26&"_21") -> 0 | O26: =COUNTIFS(TAREAS[ID Actividad],A26&"_21",TAREAS[Estado Tarea],"Completada") -> 0
M27: =IFERROR(COUNTIFS(TAREAS[ID Actividad],A27&"_22",TAREAS[Estado Tarea],"Completada")/COUNTIF(TAREAS[ID Actividad],A27&"_22"),"") | N27: =COUNTIF(TAREAS[ID Actividad],A27&"_22") -> 0 | O27: =COUNTIFS(TAREAS[ID Actividad],A27&"_22",TAREAS[Estado Tarea],"Completada") -> 0
M28: =IFERROR(COUNTIFS(TAREAS[ID Actividad],A28&"_23",TAREAS[Estado Tarea],"Completada")/COUNTIF(TAREAS[ID Actividad],A28&"_23"),"") | N28: =COUNTIF(TAREAS[ID Actividad],A28&"_23") -> 0 | O28: =COUNTIFS(TAREAS[ID Actividad],A28&"_23",TAREAS[Estado Tarea],"Completada") -> 0
M29: =IFERROR(COUNTIFS(TAREAS[ID Actividad],A29&"_24",TAREAS[Estado Tarea],"Completada")/COUNTIF(TAREAS[ID Actividad],A29&"_24"),"") | N29: =COUNTIF(TAREAS[ID Actividad],A29&"_24") -> 0 | O29: =COUNTIFS(TAREAS[ID Actividad],A29&"_24",TAREAS[Estado Tarea],"Completada") -> 0
M30: =IFERROR(COUNTIFS(TAREAS[ID Actividad],A30&"_25",TAREAS[Estado Tarea],"Completada")/COUNTIF(TAREAS[ID Actividad],A30&"_25"),"") | N30: =COUNTIF(TAREAS[ID Actividad],A30&"_25") -> 0 | O30: =COUNTIFS(TAREAS[ID Actividad],A30&"_25",TAREAS[Estado Tarea],"Completada") -> 0
M31: =IFERROR(COUNTIFS(TAREAS[ID Actividad],A31&"_26",TAREAS[Estado Tarea],"Completada")/COUNTIF(TAREAS[ID Actividad],A31&"_26"),"") | N31: =COUNTIF(TAREAS[ID Actividad],A31&"_26") -> 0 | O31: =COUNTIFS(TAREAS[ID Actividad],A31&"_26",TAREAS[Estado Tarea],"Completada") -> 0
M32: =IFERROR(COUNTIFS(TAREAS[ID Actividad],A32&"_27",TAREAS[Estado Tarea],"Completada")/COUNTIF(TAREAS[ID Actividad],A32&"_27"),"") | N32: =COUNTIF(TAREAS[ID Actividad],A32&"_27") -> 0 | O32: =COUNTIFS(TAREAS[ID Actividad],A32&"_27",TAREAS[Estado Tarea],"Completada") -> 0
M33: =IFERROR(COUNTIFS(TAREAS[ID Actividad],A33&"_28",TAREAS[Estado Tarea],"Completada")/COUNTIF(TAREAS[ID Actividad],A33&"_28"),"") | N33: =COUNTIF(TAREAS[ID Actividad],A33&"_28") -> 0 | O33: =COUNTIFS(TAREAS[ID Actividad],A33&"_28",TAREAS[Estado Tarea],"Completada") -> 0
M34: =IFERROR(COUNTIFS(TAREAS[ID Actividad],A34&"_29",TAREAS[Estado Tarea],"Completada")/COUNTIF(TAREAS[ID Actividad],A34&"_29"),"") | N34: =COUNTIF(TAREAS[ID Actividad],A34&"_29") -> 0 | O34: =COUNTIFS(TAREAS[ID Actividad],A34&"_29",TAREAS[Estado Tarea],"Completada") -> 0
M35: =IFERROR(COUNTIFS(TAREAS[ID Actividad],A35&"_30",TAREAS[Estado Tarea],"Completada")/COUNTIF(TAREAS[ID Actividad],A35&"_30"),"") | N35: =COUNTIF(TAREAS[ID Actividad],A35&"_30") -> 0 | O35: =COUNTIFS(TAREAS[ID Actividad],A35&"_30",TAREAS[Estado Tarea],"Completada") -> 0
A37: 📌 CÓMO AGREGAR ACTIVIDADES: Escribe en la siguiente fila vacía de la tabla. El ID de actividad para TAREAS es [Código Proyecto]_[N° de fila en esta hoja], ej: PRY-01_3 = fila 3 de datos. % Avance, Tareas totales y Completadas se calculan automáticamente desde la hoja TAREAS.

Sheet Tareas
A1: TAREAS POR ACTIVIDAD — Plan de Trabajo Detallado
A3: ID Actividad = Código Proyecto + '_' + N° de fila de la actividad en 'Actividades por Proyecto' (ej: PRY-01_1). El avance vincula automáticamente con 'Actividades por Proyecto'.
M4: CRONOGRAMA MENSUAL (marcar con X o ✓)
A5: ID Actividad | B5: Proyecto | C5: Actividad | D5: N° Tarea | E5: Descripción de Tarea | F5: Responsable | G5: Co-responsable | H5: Estado Tarea | I5: Prioridad | J5: Fecha Inicio | K5: Fecha Límite | L5: Fecha Completada | M5: Ene | N5: Feb | O5: Mar | P5: Abr | Q5: May | R5: Jun | S5: Jul | T5: Ago | U5: Sep | V5: Oct | W5: Nov | X5: Dic | Y5: Comentarios / Notas
A6: PRY-01_1 | B6: PRY-01 | C6: Producción documental corto | D6: 1 | E6: Elaborar guión del documental | F6: Coord. Audiovisual | H6: Completada | I6: Alta | J6: Mar-2025 | K6: Mar-2025 | L6: Mar-2025 | O6: X | Y6: Aprobado por dirección
A7: PRY-01_1 | B7: PRY-01 | C7: Producción documental corto | D7: 2 | E7: Grabación en comunidades | F7: Coord. Audiovisual | G7: Fotografa | H7: Completada | I7: Alta | J7: Mar-2025 | K7: Abr-2025 | L7: Abr-2025 | P7: X | Y7: Filmación completada en 3 comunidades
A8: PRY-01_1 | B8: PRY-01 | C8: Producción documental corto | D8: 3 | E8: Edición y posproducción | F8: Coord. Audiovisual | H8: Completada | I8: Alta | J8: May-2025 | K8: Jun-2025 | Q8: X | R8: X | Y8: Falta locución en off
A9: PRY-01_2 | B9: PRY-01 | C9: Campaña RRSS derechos territoriales | D9: 1 | E9: Definir mensajes clave con aliados | F9: Coord. Digital | G9: Directora Prog. | H9: En proceso | I9: Alta | J9: Abr-2025 | K9: Abr-2025 | P9: X | Y9: Revisión pendiente con 3 organizaciones
A10: PRY-01_2 | B10: PRY-01 | C10: Campaña RRSS derechos territoriales | D10: 2 | E10: Diseñar 12 piezas gráficas | F10: Coord. Digital | H10: Pendiente | I10: Alta | J10: Abr-2025 | K10: May-2025 | P10: X | Q10: X | Y10: Espera aprobación de mensajes
A11: PRY-01_3 | B11: PRY-01 | C11: Boletín informativo (x3) | D11: 1 | E11: Redactar boletín N°1 | F11: Directora Prog. | H11: Completada | I11: Media | J11: Feb-2025 | K11: Feb-2025 | L11: Feb-2025 | N11: X | Y11: Distribuido a 200 contactos
A12: PRY-01_3 | B12: PRY-01 | C12: Boletín informativo (x3) | D12: 2 | E12: Redactar boletín N°2 | F12: Directora Prog. | H12: Pendiente | I12: Media | J12: May-2025 | K12: May-2025 | Q12: X
A13: PRY-09_1 | B13: PRY-09 | C13: Fortalecimiento capacidades ABIOFORP | D13: 1 | E13: Diagnóstico de necesidades de alfabetización digital | F13: Coord. Comunicaciones | G13: Coord. Digital | H13: Completada | I13: Alta | J13: Ene-2026 | K13: Feb-2026 | L13: Feb-2026 | M13: X | N13: X | Y13: Coordinado con AMPA y CxN. Reunión 6 abril.
A14: PRY-09_1 | B14: PRY-09 | C14: Fortalecimiento capacidades ABIOFORP | D14: 2 | E14: 1° Taller de alfabetización digital (Jornada 1) | F14: Coord. Comunicaciones | G14: Coord. Digital | H14: En proceso | I14: Alta | J14: Feb-2026 | K14: Mar-2026 | N14: X | O14: X | Y14: Compartir matriz con CxN para revisar
A15: PRY-09_1 | B15: PRY-09 | C15: Fortalecimiento capacidades ABIOFORP | D15: 3 | E15: 1° Taller de alfabetización digital (Jornada 2) | F15: Coord. Comunicaciones | G15: Coord. Digital | H15: Pendiente | I15: Alta | J15: Mar-2026 | K15: Abr-2026 | O15: X | P15: X
A16: PRY-09_1 | B16: PRY-09 | C16: Fortalecimiento capacidades ABIOFORP | D16: 4 | E16: 2° Taller — Estrategia Reporteros del Bosque | F16: Coord. Comunicaciones | H16: Pendiente | I16: Alta | J16: May-2026 | K16: Jun-2026 | Q16: X | R16: X | Y16: Linkear desde otras plataformas (CxN)
A17: PRY-10_1 | B17: PRY-10 | C17: Escuela Amazonía Que Late — actualización | D17: 1 | E17: Diagnóstico de necesidades de actualización plataforma | F17: Coord. Digital | G17: Coord. Contenidos | H17: En proceso | I17: Alta | J17: Ene-2026 | K17: Feb-2026 | M17: X | N17: X | Y17: Evaluar desde punto de vista usuario y administración
A18: PRY-10_1 | B18: PRY-10 | C18: Escuela Amazonía Que Late — actualización | D18: 2 | E18: Revisar y actualizar matrices existentes | F18: Coord. Digital | G18: Coord. Contenidos | H18: Pendiente | I18: Alta | J18: Feb-2026 | K18: Mar-2026 | N18: X | O18: X | Y18: Compartir matriz con CxN para revisar y actualizar
A19: PRY-10_3 | B19: PRY-10 | C19: Conservamos Festival — planificación | D19: 1 | E19: Reuniones con auspiciadores y aliados | F19: Coord. Digital | G19: Directora Prog. | H19: En proceso | I19: Alta | J19: Ene-2026 | K19: May-2026 | M19: X | N19: X | O19: X | P19: X | Q19: X | Y19: Participación conjunta AMPA y CxN
A20: PRY-10_3 | B20: PRY-10 | C20: Conservamos Festival — planificación | D20: 2 | E20: TdR Quantico | F20: Coord. Digital | H20: En proceso | I20: Alta | J20: Feb-2026 | K20: Mar-2026 | N20: X | O20: X
A21: PRY-10_3 | B21: PRY-10 | C21: Conservamos Festival — planificación | D21: 3 | E21: Ejecución del Festival | F21: Coord. Digital | G21: Directora Prog. | H21: Pendiente | I21: Alta | J21: Nov-2026 | K21: Nov-2026 | W21: X | Y21: 21 de noviembre
A23: 📌 CÓMO AGREGAR TAREAS: Escribe en la fila siguiente al final de la tabla. ID Actividad = [Código Proyecto]_[N° fila actividad], ej: PRY-01_3. Marca con X los meses en el cronograma. El % avance en 'Actividades por Proyecto' se calculará según cuántas tareas estén 'Completada'.

Sheet Indicadores Comunicación
A1: INDICADORES DE COMUNICACIÓN — Seguimiento por Proyecto
A3: Registra aquí los indicadores de cada proyecto. Actualiza 'Avance Actual' para ver el % logrado automáticamente.
A5: Proyecto | B5: Objetivo / Componente | C5: Nombre del Indicador | D5: Medio de Verificación | E5: Línea Base | F5: Meta Anual | G5: Avance T1 (Ene-Mar) | H5: Avance T2 (Abr-Jun) | I5: Avance T3 (Jul-Sep) | J5: Avance T4 (Oct-Dic) | K5: Total Acumulado | L5: % Logro | M5: Fuente / Evidencia | N5: Notas
A6: PRY-01 | B6: Comp. 2 — Difusión | C6: N° de materiales audiovisuales producidos y publicados | D6: Video publicado en web/RRSS | E6: 0 | F6: 4 | G6: 2 | H6: 0 | I6: 0 | J6: 0 | K6: =SUM(G6:J6) -> 2 | L6: =IFERROR(K6/F6,"") -> 0.5
A7: PRY-01 | B7: Comp. 3 — Incidencia | C7: Alcance de campañas en RRSS (personas impactadas) | D7: Estadísticas plataformas | E7: 0 | F7: 15000 | G7: 7200 | H7: 0 | I7: 0 | J7: 0 | K7: =SUM(G7:J7) -> 7200 | L7: =IFERROR(K7/F7,"") -> 0.48
A8: PRY-01 | B8: Comp. 1 — Fortalecimiento | C8: N° de boletines informativos distribuidos | D8: Lista de distribución | E8: 0 | F8: 3 | G8: 1 | H8: 0 | I8: 0 | J8: 0 | K8: =SUM(G8:J8) -> 1 | L8: =IFERROR(K8/F8,"") -> 0.33333333
A9: PRY-02 | B9: Comp. 2 — Sensibilización | C9: N° de episodios de podcast producidos | D9: Spotify/SoundCloud links | E9: 0 | F9: 6 | G9: 4 | H9: 0 | I9: 0 | J9: 0 | K9: =SUM(G9:J9) -> 4 | L9: =IFERROR(K9/F9,"") -> 0.66666667
A10: PRY-02 | B10: Comp. 1 — Educación | C10: N° de cartillas educativas distribuidas en escuelas | D10: Actas de entrega | E10: 0 | F10: 500 | G10: 0 | H10: 0 | I10: 0 | J10: 0 | K10: =SUM(G10:J10) -> 0 | L10: =IFERROR(K10/F10,"") -> 0
A11: PRY-03 | B11: Comp. 1 — Género | C11: N° de materiales comunicacionales con enfoque de género | D11: Registro de materiales | E11: 0 | F11: 5 | G11: 4 | H11: 0 | I11: 0 | J11: 0 | K11: =SUM(G11:J11) -> 4 | L11: =IFERROR(K11/F11,"") -> 0.8
A12: PRY-03 | B12: Comp. 2 — Visibilización | C12: N° de notas publicadas en medios regionales | D12: Links/clippings | E12: 0 | F12: 3 | G12: 5 | H12: 0 | I12: 0 | J12: 0 | K12: =SUM(G12:J12) -> 5 | L12: =IFERROR(K12/F12,"") -> 1.6666667 | N12: Superó meta
A13: PRY-04 | B13: Comp. 3 — Incidencia | C13: Impacto campaña digital de incidencia (impresiones) | D13: Facebook/Instagram Insights | E13: 0 | F13: 10000 | G13: 0 | H13: 0 | I13: 0 | J13: 0 | K13: =SUM(G13:J13) -> 0 | L13: =IFERROR(K13/F13,"") -> 0
A14: PRY-05 | B14: Comp. 2 — Comunicación | C14: N° de herramientas de comunicación ambiental creadas | D14: Registro publicaciones | E14: 0 | F14: 2 | G14: 0 | H14: 0 | I14: 0 | J14: 0 | K14: =SUM(G14:J14) -> 0 | L14: =IFERROR(K14/F14,"") -> 0
A15: PRY-06 | B15: Comp. 2 — Revitalización | C15: N° de materiales producidos en lenguas indígenas | D15: Registro audiovisual | E15: 0 | F15: 3 | G15: 0 | H15: 0 | I15: 0 | J15: 0 | K15: =SUM(G15:J15) -> 0 | L15: =IFERROR(K15/F15,"") -> 0
A16: PRY-07 | B16: Comp. 1 — Formación | C16: N° de jóvenes capacitados en comunicación digital | D16: Lista de participantes | E16: 0 | F16: 40 | G16: 0 | H16: 0 | I16: 0 | J16: 0 | K16: =SUM(G16:J16) -> 0 | L16: =IFERROR(K16/F16,"") -> 0
A17: PRY-08 | B17: Comp. 2 — Protección | C17: N° de guías de comunicación segura distribuidas | D17: Constancias de entrega | E17: 0 | F17: 200 | G17: 200 | H17: 0 | I17: 0 | J17: 0 | K17: =SUM(G17:J17) -> 200 | L17: =IFERROR(K17/F17,"") -> 1 | N17: Meta cumplida
A18: PRY-08 | B18: Comp. 1 — Visibilidad | C18: Alcance de campaña de visibilidad de defensoras | D18: Instagram/Twitter Insights | E18: 0 | F18: 15000 | G18: 21000 | H18: 0 | I18: 0 | J18: 0 | K18: =SUM(G18:J18) -> 21000 | L18: =IFERROR(K18/F18,"") -> 1.4 | N18: Superó meta en 40%
A19: PRY-09 | B19: Obj. 1 — Fortalecimiento | C19: N° de talleres de capacitación ejecutados | D19: Informes de taller | E19: 0 | F19: 4 | G19: 1 | H19: 0 | I19: 0 | J19: 0 | K19: =SUM(G19:J19) -> 1 | L19: =IFERROR(K19/F19,"") -> 0.25
A20: PRY-09 | B20: Obj. 1 — Fortalecimiento | C20: N° de materiales del toolkit producidos | D20: Registro de materiales | E20: 0 | F20: 1 | G20: 0 | H20: 0 | I20: 0 | J20: 0 | K20: =SUM(G20:J20) -> 0 | L20: =IFERROR(K20/F20,"") -> 0
A21: PRY-10 | B21: Obj. 1 — CLUA | C21: N° de actualizaciones implementadas en plataforma | D21: Registro web | E21: 0 | F21: 5 | G21: 0 | H21: 0 | I21: 0 | J21: 0 | K21: =SUM(G21:J21) -> 0 | L21: =IFERROR(K21/F21,"") -> 0
A22: PRY-10 | B22: Obj. 1 — CLUA | C22: N° de asistentes al Conservamos Festival | D22: Lista de asistentes | E22: 0 | F22: 1000 | G22: 0 | H22: 0 | I22: 0 | J22: 0 | K22: =SUM(G22:J22) -> 0 | L22: =IFERROR(K22/F22,"") -> 0
A24: 📌 CÓMO AGREGAR INDICADORES: Escribe en la fila siguiente a la tabla. Actualiza los avances por trimestre (T1-T4). El Total Acumulado y % Logro se calculan automáticamente. Puedes filtrar por proyecto en la columna A.

Sheet Cronograma
A1: CRONOGRAMA CONSOLIDADO 2026 — Actividades Comunicacionales
A3: Vista mensual. Las celdas de mes se marcan automáticamente desde TAREAS. También puedes marcar directamente. El mes actual se resalta en amarillo.
A4: Proyecto | B4: Actividad / Producto | C4: Responsable | D4: Ene | E4: Feb | F4: Mar | G4: Abr | H4: May | I4: Jun | J4: Jul | K4: Ago | L4: Sep | M4: Oct | N4: Nov | O4: Dic
A5: PRY-01 | B5: Producción documental corto | C5: Coord. Audiovisual | F5: X | G5: X | H5: X
A6: PRY-01 | B6: Campaña RRSS derechos territoriales | C6: Coord. Digital | G6: X | H6: X
A7: PRY-01 | B7: Boletín informativo (x3) | C7: Directora Prog. | E7: X | H7: X | K7: X
A8: PRY-02 | B8: Serie podcasts biodiversidad | C8: Coord. Contenidos | D8: X | E8: X | F8: X | G8: X | H8: X | I8: X | J8: X
A9: PRY-02 | B9: Materiales educativos escuelas | C9: Coord. Ed. Ambiental | E9: X | F9: X | G9: X | H9: X
A10: PRY-03 | B10: Video testimonial guardianas | C10: Coord. Género
A11: PRY-04 | B11: Cobertura talleres y eventos | C11: Fotografa | F11: X | G11: X | H11: X | I11: X | J11: X | K11: X | L11: X | M11: X
A12: PRY-04 | B12: Campaña incidencia política | C12: Coord. Digital | G12: X | H12: X | I12: X
A13: PRY-05 | B13: Mapa interactivo fuentes agua | C13: Coord. SIG | E13: X | F13: X | G13: X
A14: PRY-05 | B14: Informe semestral WWF | C14: Directora Prog. | I14: X | J14: X
A15: PRY-06 | B15: Videos en lengua shipibo | C15: Coord. Audiovisual | H15: X | I15: X | J15: X | K15: X | L15: X
A16: PRY-07 | B16: Taller comunicación digital jóvenes | C16: Coord. Digital | J16: X | K16: X
A17: PRY-08 | B17: Campaña #DefensorasAmazonia | C17: Coord. Digital | F17: X | G17: X
A18: PRY-09 | B18: Talleres alfabetización digital | C18: Coord. Comunicaciones | D18: X | E18: X | F18: X | G18: X | H18: X | I18: X
A19: PRY-09 | B19: Communication toolkit | C19: Coord. Comunicaciones | F19: X | G19: X | H19: X | I19: X | J19: X
A20: PRY-10 | B20: Actualización Escuela AQL | C20: Coord. Digital | D20: X | E20: X | F20: X | G20: X | H20: X
A21: PRY-10 | B21: Conservamos Festival | C21: Coord. Digital | D21: X | E21: X | F21: X | G21: X | H21: X | I21: X | J21: X | K21: X | L21: X | M21: X | N21: X
A23: 📌 Marca con X el mes en que se ejecuta cada actividad. Para agregar una nueva actividad, escribe en la siguiente fila vacía de la tabla.

Sheet Comunicación Institucional
A1: COMUNICACIÓN INSTITUCIONAL — AMPA
A3: Diferencia clave: Lo institucional es la voz de AMPA como organización (redes, web, vocería). Los proyectos tienen sus propias comunicaciones. Esta hoja gestiona ambas capas por separado.
A5: Bloque / Categoría | B5: Acción / Producto | C5: Descripción | D5: Frecuencia | E5: Responsable | F5: Canal / Plataforma | G5: Estado | H5: Fecha / Período | I5: Ene | J5: Feb | K5: Mar | L5: Abr | M5: May | N5: Jun | O5: Jul | P5: Ago | Q5: Sep | R5: Oct | S5: Nov | T5: Dic | U5: Observaciones
A6: Redes Sociales Institucionales | B6: Gestión de Instagram AMPA | C6: Publicaciones orgánicas sobre trabajo institucional y proyectos | D6: Semanal | E6: Coord. Digital | F6: Instagram | G6: Activo | H6: Todo el año | I6: X | J6: X | K6: X | L6: X | M6: X | N6: X | O6: X | P6: X | Q6: X | R6: X | S6: X | T6: X | U6: 3-4 posts por semana
A7: Redes Sociales Institucionales | B7: Gestión de Facebook AMPA | C7: Publicaciones y gestión de comunidad | D7: Semanal | E7: Coord. Digital | F7: Facebook | G7: Activo | H7: Todo el año | I7: X | J7: X | K7: X | L7: X | M7: X | N7: X | O7: X | P7: X | Q7: X | R7: X | S7: X | T7: X
A8: Redes Sociales Institucionales | B8: Twitter/X Institucional | C8: Comunicados, posicionamiento y articulación con aliados | D8: Diario | E8: Coord. Digital | F8: Twitter/X | G8: Activo | H8: Todo el año | I8: X | J8: X | K8: X | L8: X | M8: X | N8: X | O8: X | P8: X | Q8: X | R8: X | S8: X | T8: X
A9: Redes Sociales Institucionales | B9: TikTok institucional | C9: Contenido corto sobre conservación y comunidades | D9: Bisemanal | E9: Coord. Digital | F9: TikTok | G9: En proceso | H9: Todo el año | K9: X | L9: X | M9: X | N9: X | O9: X | P9: X | Q9: X | R9: X | S9: X | T9: X | U9: En exploración
A10: Boletines y Comunicados | B10: Boletín mensual AMPA | C10: Boletín de actividades y alertas territoriales por WhatsApp y correo | D10: Mensual | E10: Directora Prog. | F10: Email / WhatsApp | G10: Activo | H10: Mensual | I10: X | J10: X | K10: X | L10: X | M10: X | N10: X | O10: X | P10: X | Q10: X | R10: X | S10: X | T10: X | U10: Distribución a ~500 contactos
A11: Boletines y Comunicados | B11: Nota de prensa institucional | C11: Notas sobre hitos institucionales o posicionamiento público | D11: Según evento | E11: Coord. Prensa | F11: Medios | G11: Según evento | T11: Redactar según hitos clave
A12: Boletines y Comunicados | B12: Comunicado de posición | C12: Pronunciamiento ante temas de agenda ambiental o territorial | D12: Según evento | E12: Directora Prog. | F12: Web + RRSS | G12: Según evento | T12: Previa aprobación Dirección Ejecutiva
A13: Sitio Web | B13: Actualización de noticias web | C13: Publicación de noticias, eventos y logros institucionales en web | D13: Quincenal | E13: Coord. Digital | F13: Web AMPA | G13: Activo | H13: Quincenal | I13: X | J13: X | K13: X | L13: X | M13: X | N13: X | O13: X | P13: X | Q13: X | R13: X | S13: X | T13: X
A14: Sitio Web | B14: Actualización de proyectos en web | C14: Mantener vigentes los perfiles de proyectos activos | D14: Trimestral | E14: Coord. Digital | F14: Web AMPA | G14: Activo | H14: Trimestral | K14: X | N14: X | Q14: X | T14: X
A15: Materiales Institucionales | B15: Informe anual de actividades | C15: Reporte público anual para aliados, financiadores y comunidad | D15: Anual | E15: Directora Prog. | F15: Impreso + PDF | G15: Planificado | H15: Dic-2026 | T15: X | U15: Diseño en Q3
A16: Materiales Institucionales | B16: Brochure institucional actualizado | C16: Presentación institucional actualizada con proyectos 2026 | D16: Anual | E16: Coord. Comunicaciones | F16: PDF + Impreso | G16: Planificado | H16: Mar-2026 | K16: X
A17: Materiales Institucionales | B17: Presentación institucional PPT | C17: Deck para reuniones con financiadores y aliados | D17: Semestral | E17: Directora Prog. | F17: PowerPoint | G17: Activo | H17: Mar/Sep | K17: X | Q17: X
A18: Eventos Institucionales | B18: Participación en espacios de articulación | C18: Asistencia a eventos de redes y coaliciones | D18: Según agenda | E18: Directora Prog. | F18: Presencial | G18: Activo | H18: Según agenda | I18: X | J18: X | K18: X | L18: X | M18: X | N18: X | O18: X | P18: X | Q18: X | R18: X | S18: X | T18: X | U18: Priorizar eventos estratégicos
A19: Eventos Institucionales | B19: Organización de eventos propios AMPA | C19: Talleres, foros o eventos convocados por AMPA | D19: Según plan | E19: Coord. Comunicaciones | F19: Presencial | G19: Planificado | M19: X | P19: X
A20: Monitoreo Institucional | B20: Reporte interno mensual | C20: Reporte para Dirección Ejecutiva con avance de proyectos y acciones | D20: Mensual | E20: Coord. Comunicaciones | F20: Interno | G20: Activo | H20: Mensual | I20: X | J20: X | K20: X | L20: X | M20: X | N20: X | O20: X | P20: X | Q20: X | R20: X | S20: X | T20: X | U20: Incluir métricas de RRSS y actividades
A21: Monitoreo Institucional | B21: Sistematización de métricas RRSS | C21: Consolidado mensual de alcance, engagement e interacciones | D21: Mensual | E21: Coord. Digital | F21: Planilla interna | G21: Activo | H21: Mensual | I21: X | J21: X | K21: X | L21: X | M21: X | N21: X | O21: X | P21: X | Q21: X | R21: X | S21: X | T21: X | U21: Compartir con equipo en reunión mensual
A23: 📌 Para agregar una nueva acción: escribe en la fila siguiente a la tabla con el bloque/categoría correspondiente. Marca con X los meses de ejecución. El Estado tiene lista desplegable. Puedes filtrar por Bloque para ver solo un tipo de acción.
